<--!
	Author: Ravankol Nepun
	Created On : 09-01-2019
	Filename: CourseXMl.xml
	Description: Writing XML Document on Course Table
-->

<?xml version="1.0"?>
<Course xmlns:syed="http://www.w3.org/2001/XMLSchema-instance" nepun:noNamespaceSchemaLocation="Course.xsd">
	<CourseID id=".NET101">
		<CourseName>C#5.0</CourseName>
		<Location>Banglore</Location>
		<RoomNo>Lab 10</RoomNo>
		<FacultyID>120</FacultyID>
		<StartDate>12/Jan/2016</StartDate>
		<EndDate>20/Jan/2016</EndDate>
	</CourseID>
			<CourseID id=".NET105">
		<CourseName>Windows Presentation Foundation</CourseName>
		<Location>Mumbai</Location>
		<RoomNo>Lab 4</RoomNo>
		<FacultyID>110</FacultyID>
		<StartDate>02/Feb/2016</StartDate>
		<EndDate>05/Feb/2016</EndDate>
	</CourseID>
</Course>